Maker,Genmodel,Genmodel_ID,Year,Entry_price,mileage,Image_url
Toyota,Land Cruiser Amazon,92_22,2007,47907,279344,"https://images.collectingcars.com/018034/main.jpg?w=1263&fit=fillmax&crop=edges&auto=format,compress&cs=srgb&q=85"
Toyota,Land Cruiser Amazon,92_22,2006,47887,281214,https://media.toyota.co.uk/wp-content/uploads/sites/5/2011/11/38496toy.jpg
Toyota,Land Cruiser Amazon,92_22,2005,45372,275422,"https://images.collectingcars.com/068730/AT-63.jpg?w=1263&fit=fillmax&crop=edges&auto=format,compress&cs=srgb&q=85"
Toyota,Land Cruiser Amazon,92_22,2004,45185,300000,https://parkers-images.bauersecure.com/wp-images/20851/cut-out/930x620/landcruiser_amazon02.jpg
Toyota,Land Cruiser Amazon,92_22,1998,36615,288912,https://i.redd.it/5qwxb2m5bov71.jpg
Toyota,Land Cruiser Amazon,92_22,1999,36615,300000,https://angliacarauctions.co.uk/images/lots/2575/1424~3/0001_YwpeDd_lg.jpeg
Toyota,Land Cruiser Amazon,92_22,2000,36615,268736,https://i.ytimg.com/vi/ROG7x5lN6sI/sddefault.jpg
Toyota,Land Cruiser Amazon,92_22,2003,36615,260285,https://media.toyota.co.uk/wp-content/uploads/sites/5/1997/06/Land-Cruiser-Amazon-2003-archive.jpg
Toyota,Land Cruiser,92_21,2016,35350,89271,https://di-uploads-pod6.dealerinspire.com/miltonmartintoyota/uploads/2016/07/landcruiser-front.png
Toyota,Land Cruiser,92_21,2015,35160,124566,https://media.ed.edmunds-media.com/toyota/land-cruiser/2013/oem/2013_toyota_land-cruiser_4dr-suv_base_fq_oem_1_1600.jpg
Toyota,Land Cruiser Amazon,92_22,2001,33815,300000,https://upload.wikimedia.org/wikipedia/commons/9/96/2001_Toyota_Land_Cruiser_Amazon_GX_TDA_4.2_facelift_Front.jpg
Toyota,Land Cruiser Amazon,92_22,2002,33815,300000,https://parkers-images.bauersecure.com/wp-images/20851/cut-out/1200x800/landcruiser_amazon02.jpg?mode=max&quality=90&scale=down
Toyota,Land Cruiser,92_21,2013,32090,173049,https://img2.carmax.com/assets/mmy-toyota-land-cruiser-2013/image/1.jpg?width=800&height=600
Toyota,Land Cruiser,92_21,2014,32090,117677,https://cars.usnews.com/static/images/Auto/izmo/i4507/2014_toyota_land_cruiser_angularfront.jpg
Toyota,Land Cruiser,92_21,2017,31940,83870,https://di-uploads-pod6.dealerinspire.com/savannahtoyota/uploads/2016/08/2017-Toyota-Land-Cruiser-On-White.png
Toyota,Land Cruiser,92_21,2018,31940,82081,"https://hips.hearstapps.com/hmg-prod/amv-prod-cad-assets/wp-content/uploads/2018/03/2018-Toyota-Land-Cruiser-112.jpg?crop=0.808xw:0.742xh;0.174xw,0.258xh&resize=2048:*"
Toyota,Land Cruiser,92_21,2012,30915,196688,https://content.presspage.com/uploads/1523/1920_lc-v8-ext-02-156343.jpg?10000
Toyota,Land Cruiser,92_21,2011,29790,177979,https://file.kelleybluebookimages.com/kbb/base/house/2011/2011-Toyota-Land%20Cruiser-FrontSide_TTLC111_640x480.jpg
Toyota,Land Cruiser,92_21,2010,28185,235769,https://www.edmunds.com/assets/m/toyota/land-cruiser/2010/oem/2010_toyota_land-cruiser_4dr-suv_base_fq_oem_1_500.jpg
Toyota,Land Cruiser,92_21,2008,27245,211849,https://cars.usnews.com/static/images/Auto/izmo/291251/2008_toyota_land_cruiser_angularfront.jpg
Toyota,Land Cruiser,92_21,2007,27162,204134,https://media.ed.edmunds-media.com/toyota/land-cruiser/2007/oem/2007_toyota_land-cruiser_4dr-suv_base_fq_oem_3_1600.jpg
Toyota,Land Cruiser,92_21,2006,27142,300000,https://www.edmunds.com/assets/m/toyota/land-cruiser/2006/oem/2006_toyota_land-cruiser_4dr-suv_base_fq_oem_1_500.jpg
Toyota,Land Cruiser,92_21,2009,26715,192736,https://file.kelleybluebookimages.com/kbb/base/house/2009/2009-Toyota-Land%20Cruiser-FrontSide_TTLC091_505x375.jpg
Toyota,GT86,92_17,2020,26495,58505,"https://hips.hearstapps.com/hmg-prod/images/2020-toyota-86-gt-109-1592541999.jpg?crop=0.910xw:0.768xh;0.0407xw,0.232xh&resize=2048:*"
Toyota,GT86,92_17,2021,26495,15499,https://s1.cdn.autoevolution.com/images/news/toyota-gt-86-could-be-renamed-to-2021-toyota-gr-86-140291_1.jpg
Toyota,GT86,92_17,2019,25990,60521,https://gtspirit.com/wp-content/uploads/2019/09/2019-Toyota-GT86-Review.jpg
Toyota,GT86,92_17,2012,24615,146515,https://c.encycarpedia.com/ci/9434.jpg
Toyota,GT86,92_17,2013,24605,167085,https://www.netcarshow.com/Toyota-GT_86-2013-Front_Three-Quarter.6eff8692.jpg
Toyota,RAV4,92_34,2018,24550,91227,https://images.hgmsites.net/lrg/2018-toyota-rav4-adventure-awd-natl-angular-front-exterior-view_100636867_l.jpg
Toyota,RAV4,92_34,2019,24550,65418,https://cdn.motor1.com/images/mgl/2kkKM/s1/2019-toyota-rav4.jpg
Toyota,RAV4,92_34,2017,24150,94444,https://di-uploads-pod1.dealerinspire.com/toyotaplace/uploads/2016/09/2016-Toyota-Rav4-on-white.jpg
Toyota,Land Cruiser,92_21,2005,24147,214379,https://file.kelleybluebookimages.com/kbb/base/house/2005/2005-Toyota-Land%20Cruiser-FrontSide_TTLND051_505x375.jpg?interpolation=high-quality&downsize=*:200
Toyota,Land Cruiser,92_21,2004,24105,288686,https://www.edmunds.com/assets/m/toyota/land-cruiser/2003/oem/2003_toyota_land-cruiser_4dr-suv_base_fq_oem_1_500.jpg
Toyota,Prius,92_30,2017,24045,107764,https://di-uploads-pod1.dealerinspire.com/earlstewarttoyota/uploads/2017/06/toyota-prius-top.png
Toyota,Prius,92_30,2018,24045,77979,https://cars.usnews.com/static/images/Auto/izmo/i55706580/2018_toyota_prius_angularfront.jpg
Toyota,Land Cruiser,92_21,2003,23810,262651,https://www.edmunds.com/assets/m/toyota/land-cruiser/2003/oem/2003_toyota_land-cruiser_4dr-suv_base_fq_oem_1_500.jpg
Toyota,Land Cruiser Colorado,92_23,2002,23615,300000,https://media.toyota.co.uk/wp-content/uploads/sites/5/2011/12/25489toy61-768x536.jpg
Toyota,Land Cruiser Colorado,92_23,2003,23615,277518,https://media.toyota.co.uk/wp-content/uploads/sites/5/1999/06/Land-Cruiser-Colorado-1999-archive-768x519.jpg
Toyota,RAV4,92_34,2011,22883,181547,https://file.kelleybluebookimages.com/kbb/base/house/2011/2011-Toyota-RAV4-FrontSide_TTRAV4111_640x480.jpg
Toyota,GT86,92_17,2017,22760,91891,https://hips.hearstapps.com/hmg-prod/amv-prod-cad-assets/images/16q3/669461/2017-toyota-86-manual-tested-review-car-and-driver-photo-670927-s-original.jpg
Toyota,GT86,92_17,2018,22760,81775,"https://hips.hearstapps.com/hmg-prod/images/2018-toyota-86-01-placement-1524681154.jpg?crop=0.704xw:0.652xh;0.125xw,0.118xh&resize=2048:*"
Toyota,RAV4,92_34,2016,22740,125858,https://media.ed.edmunds-media.com/toyota/rav4/2016/oem/2016_toyota_rav4_4dr-suv_limited_fq_oem_1_1600.jpg
Toyota,Land Cruiser Colorado,92_23,2001,22615,300000,https://media.toyota.co.uk/wp-content/uploads/sites/5/1999/06/Land-Cruiser-Colorado-1999-archive-768x519.jpg
Toyota,GT86,92_17,2014,22595,155054,https://www.netcarshow.com/Toyota-GT86_TRD-2014-wallpaper.jpg
Toyota,RAV4,92_34,2012,22540,168841,https://cars.usnews.com/static/images/Auto/izmo/338412/2012_toyota_rav4_angularfront.jpg
Toyota,RAV4,92_34,2013,22540,139647,https://platform.cstatic-images.com/xlarge/in/v2/stock_photos/6c7cc1ee-0c04-4f32-b65f-85aa7534c40d/0398daf1-9908-4ca7-87d4-7640426c9086.png
Toyota,RAV4,92_34,2015,22440,90927,https://i.gaw.to/content/photos/18/58/185818_2015_Toyota_RAV4.jpg?1024x640
Toyota,GT86,92_17,2015,22295,131211,https://i.ytimg.com/vi/-rEed7nqYCU/sddefault.jpg
Toyota,GT86,92_17,2016,22295,102032,https://i.ytimg.com/vi/oY352ylBW68/hq720.jpg?sqp=-oaymwEhCK4FEIIDSFryq4qpAxMIARUAAAAAGAElAADIQj0AgKJD&rs=AOn4CLCwJyHIFGihp0LyI6mfRf6eiSmpZg
Toyota,RAV4,92_34,2014,22140,100429,https://www.iihs.org/cdn-cgi/image/width=636/api/ratings/model-year-images/1864/
Toyota,MR2,92_25,1998,22045,300000,https://upload.wikimedia.org/wikipedia/commons/7/7e/1993ToyotaMR2Hardtop.jpg
Toyota,MR2,92_25,1999,22045,295398,https://jdmsupply.com/storage/images/vehicle/1307/8jjj7uvy5U8jd3lT1dJ5LOr5zsu5zEHaJ8QXP3gA_1440x1080.webp
Toyota,Prius,92_30,2015,21940,149191,https://hips.hearstapps.com/hmg-prod/amv-prod-cad-assets/images/15q2/657948/2015-toyota-prius-review-car-and-driver-photo-660322-s-original.jpg?fill=1:1&resize=1200:*
Toyota,Prius,92_30,2016,21940,95776,https://cimg3.ibsrv.net/ibimg/hgm/1608x905-1/100/533/2016-toyota-prius--first-drive-laguna-niguel-ca-nov-2015_100533975.jpg
Toyota,Prius,92_30,2013,21790,142934,https://images.hgmsites.net/hug/2013-toyota-prius-5dr-hb-three-natl-angular-front-exterior-view_100413847_h.jpg
Toyota,Prius,92_30,2014,21790,132305,https://cars.usnews.com/static/images/Auto/izmo/i4569/2014_toyota_prius_hybrid_angularfront.jpg
Toyota,C-HR,92_8,2018,21340,68061,https://www.fmdt.info/img/toyota-models/2018-toyota-c-hr-xle-32-white.png
Toyota,Prius,92_30,2012,21000,197629,https://images.hgmsites.net/hug/2012-toyota-prius_100350438_h.jpg
Toyota,Land Cruiser Colorado,92_23,2000,20949,300000,https://media.toyota.co.uk/wp-content/uploads/sites/5/1999/06/Land-Cruiser-Colorado-1999-archive-768x519.jpg
Toyota,C-HR,92_8,2016,20810,123099,https://i.ytimg.com/vi/pVSt8B_Xr7Q/maxresdefault.jpg
Toyota,C-HR,92_8,2017,20810,99461,https://image.cnbcfm.com/api/v1/image/104888623-toyota-c-hr-1.PNG?v=1512770750&w=1920&h=1080
Toyota,Land Cruiser Colorado,92_23,1998,20435,300000,https://media.toyota.co.uk/wp-content/uploads/sites/5/1999/06/Land-Cruiser-Colorado-1999-archive-768x519.jpg
Toyota,Land Cruiser Colorado,92_23,1999,20435,285822,https://media.toyota.co.uk/wp-content/uploads/sites/5/1999/06/Land-Cruiser-Colorado-1999-archive.jpg
Toyota,Auris,92_3,2019,20300,61471,https://www.netcarshow.com/Toyota-Auris-2019-wallpaper.jpg
Toyota,Prius,92_30,2011,20210,194866,https://file.kelleybluebookimages.com/kbb/base/house/2011/2011-Toyota-Prius-FrontSide_TOPRIUS111_640x480.jpg
Toyota,Camry,92_9,2000,20000,264003,"https://crdms.images.consumerreports.org/c_lfill,w_563,q_auto,f_auto/prod/cars/cr/model-years/1606-2000-toyota-camry"
Toyota,Previa,92_29,2005,19952,239868,https://s1.cdn.autoevolution.com/images/gallery/TOYOTAPrevia-1685_2.jpg
Toyota,Camry,92_9,1998,19849,300000,https://www.iihs.org/cdn-cgi/image/width=636/api/ratings/model-year-images/1616/
Toyota,Camry,92_9,1999,19849,300000,https://file.kelleybluebookimages.com/kbb/base/house/1999/1999-Toyota-Camry-FrontSide_TOCAM991_505x338.jpg?downsize=382:*
Toyota,Previa,92_29,2001,19770,300000,https://s1.cdn.autoevolution.com/images/gallery/TOYOTAPrevia-650_7.jpg
Toyota,Previa,92_29,2002,19770,292153,https://s1.cdn.autoevolution.com/images/gallery/TOYOTA-Previa-650_10.jpeg
Toyota,Previa,92_29,2003,19770,299522,https://s1.cdn.autoevolution.com/images/gallery/TOYOTAPrevia-1685_2.jpg
Toyota,Previa,92_29,2004,19770,249418,https://s1.cdn.autoevolution.com/images/gallery/TOYOTAPrevia-1685_2.jpg
Toyota,Previa,92_29,1998,19700,300000,https://i.ytimg.com/vi/ogbwZMM9aVs/maxresdefault.jpg
Toyota,Previa,92_29,1999,19700,300000,https://i.ytimg.com/vi/75NsLrXEvzI/maxresdefault.jpg
Toyota,Previa,92_29,2000,19700,286550,https://s1.cdn.autoevolution.com/images/gallery/TOYOTAPrevia-650_7.jpg
Toyota,Camry,92_9,2001,19315,287201,https://file.kelleybluebookimages.com/kbb/base/house/2001/2001-Toyota-Camry-FrontSide_TOCAMLE018_505x375.jpg
Toyota,Camry,92_9,2003,19315,300000,https://file.kelleybluebookimages.com/kbb/base/house/2003/2003-Toyota-Camry-FrontSide_TOCAMLE031_505x375.jpg
Toyota,Camry,92_9,2004,19315,250676,https://file.kelleybluebookimages.com/kbb/base/house/2004/2004-Toyota-Camry-FrontSide_TOCAMLE042_505x375.jpg
Toyota,Celica,92_10,1998,19099,300000,https://file.kelleybluebookimages.com/kbb/base/house/1998/1998-Toyota-Celica-FrontSide_TOCELGTLB981_505x375.jpg?downsize=382:*
Toyota,Celica,92_10,1999,19075,300000,https://cdn.dealeraccelerate.com/international/1/1198/54138/1920x1440/1999-toyota-celica-gt-four
Toyota,Celica,92_10,2000,19075,300000,https://file.kelleybluebookimages.com/kbb/base/house/2000/2000-Toyota-Celica-FrontSide_TOCELGT001_505x375.jpg
Toyota,Camry,92_9,2002,18989,300000,https://file.kelleybluebookimages.com/kbb/base/house/2002/2002-Toyota-Camry-FrontSide_TOCAMLE021_505x375.jpg
Toyota,Verso,92_40,2017,18935,109758,https://car-images.bauersecure.com/wp-images/12302/toyota_verso_01.jpg
Toyota,Verso,92_40,2018,18935,89483,https://s1.cdn.autoevolution.com/images/gallery/TOYOTA-Verso-5439_42.jpg
Toyota,RAV4,92_34,2007,18812,214930,https://www.iihs.org/cdn-cgi/image/width=636/api/ratings/model-year-images/1868/
Toyota,RAV4,92_34,2008,18770,230742,https://hips.hearstapps.com/hmg-prod/amv-prod-cad-assets/images/media/267367/2008-toyota-rav4-photo-190978-s-original.jpg?fill=1:1&resize=1200:*
Toyota,Avensis,92_4,2017,18650,100062,https://cdn.motor1.com/images/mgl/qOMbg/s1/2017-toyota-avenis.jpg
Toyota,Avensis,92_4,2018,18650,90854,https://media.toyota.co.uk/wp-content/uploads/sites/5/2016/03/2016-avensis-ts-feat.jpg
Toyota,Avensis Verso,92_5,2005,18397,273443,https://s1.cdn.autoevolution.com/images/gallery/TOYOTA-Avensis-Verso-3572_37.jpg
Toyota,Avensis Verso,92_5,2006,18397,195582,https://s1.cdn.autoevolution.com/images/gallery/TOYOTA-Avensis-Verso-3572_37.jpg
Toyota,MR2,92_25,2000,18315,300000,https://www.edmunds.com/assets/m/toyota/mr2-spyder/2000/oem/2000_toyota_mr2-spyder_convertible_base_fq_oem_1_500.jpg
Toyota,Prius,92_30,2010,18305,184726,https://hips.hearstapps.com/hmg-prod/amv-prod-cad-assets/images/09q1/267374/2010-toyota-prius-review-car-and-driver-photo-267662-s-original.jpg
Toyota,Verso,92_40,2016,17885,104832,https://content.presspage.com/uploads/1523/1920_toyota-verso-04-2.jpg?10000
Toyota,MR2,92_25,2001,17815,300000,https://file.kelleybluebookimages.com/kbb/base/house/2001/2001-Toyota-MR2-FrontSide_TOMR2011_505x375.jpg
Toyota,Prius,92_30,2009,17800,208001,https://file.kelleybluebookimages.com/kbb/base/house/2009/2009-Toyota-Prius-FrontSide_TOPRI091_505x375.jpg
Toyota,Prius,92_30,2007,17712,273285,https://file.kelleybluebookimages.com/kbb/base/house/2007/2007-Toyota-Prius-FrontSide_TOPRI071_505x375.jpg?downsize=382:*
Toyota,Prius,92_30,2008,17712,201140,https://file.kelleybluebookimages.com/kbb/base/house/2008/2008-Toyota-Prius-FrontSide_TOPRI081_505x375.jpg
Toyota,Prius,92_30,2006,17692,300000,https://file.kelleybluebookimages.com/kbb/base/house/2006/2006-Toyota-Prius-FrontSide_TOPRI061_505x375.jpg
Toyota,Avensis Verso,92_5,2001,17615,256659,https://s1.cdn.autoevolution.com/images/gallery/TOYOTAAvensisVerso-648_7.jpg
Toyota,Avensis Verso,92_5,2002,17615,286946,https://s1.cdn.autoevolution.com/images/gallery/TOYOTA-Avensis-Verso-648_44.jpg
Toyota,Avensis Verso,92_5,2003,17615,300000,https://s1.cdn.autoevolution.com/images/gallery/TOYOTA-Avensis-Verso-648_44.jpg
Toyota,Avensis Verso,92_5,2004,17615,259846,https://media.toyota.co.uk/wp-content/uploads/sites/5/2011/12/33972toy-768x549.jpg
Toyota,Verso,92_40,2014,17535,157960,https://media.toyota.co.uk/wp-content/uploads/sites/5/2013/12/Verso_DYN_15_DPL_20131-scaled.jpg
Toyota,Verso,92_40,2015,17535,100832,https://media.toyota.co.uk/wp-content/uploads/sites/5/2015/05/VER1510l_15_GB-scaled.jpg
Toyota,Avensis,92_4,2015,17465,109441,"https://media.autoexpress.co.uk/image/private/s--X-WVjvBW--/f_auto,t_content-image-full-desktop@1/v1563183366/autoexpress/3/33/2015-avensis-saloon-exterior-dynamic-1_0.jpg"
Toyota,Avensis,92_4,2016,17465,95431,https://content.presspage.com/uploads/1523/1920_avensis--01.jpg?10000
Toyota,Prius,92_30,2005,17442,241037,https://file.kelleybluebookimages.com/kbb/base/house/2005/2005-Toyota-Prius-FrontSide_TOPRI051_505x375.jpg
Toyota,Prius,92_30,2004,17392,237638,https://file.kelleybluebookimages.com/kbb/base/house/2004/2004-Toyota-Prius-FrontSide_TOPRI041_505x375.jpg
Toyota,Avensis,92_4,2014,17265,129159,https://i.ytimg.com/vi/-YTQJt1Ssx0/hq720.jpg?sqp=-oaymwEhCK4FEIIDSFryq4qpAxMIARUAAAAAGAElAADIQj0AgKJD&rs=AOn4CLBv_XooSWI90kahYSRswDWlOXDRhQ
Toyota,Avensis,92_4,2011,16974,184950,https://content.presspage.com/uploads/1523/1920_avensis-2011-12-ext-313466.jpg?10000
Toyota,MR2,92_25,2002,16965,300000,https://file.kelleybluebookimages.com/kbb/base/house/2002/2002-Toyota-MR2-FrontSide_TOMR2021_505x375.jpg
Toyota,MR2,92_25,2005,16962,221030,https://www.edmunds.com/assets/m/toyota/mr2-spyder/2005/oem/2005_toyota_mr2-spyder_convertible_base_fq_oem_1_500.jpg
Toyota,MR2,92_25,2006,16962,200189,https://www.ultimatecarpage.com/images/car/2803/Toyota-MR2-Roadster-TF300-21367.jpg
Toyota,MR2,92_25,2003,16830,242356,"https://hips.hearstapps.com/hmg-prod/images/2003-mr2-spyder-2-1599224809.jpg?crop=0.8808888888888888xw:1xh;center,top&resize=1200:*"
Toyota,MR2,92_25,2004,16830,288154,https://file.kelleybluebookimages.com/kbb/base/house/2004/2004-Toyota-MR2-FrontSide_TOMR2041_505x375.jpg?downsize=382:*
Toyota,Celica,92_10,2001,16815,254380,https://file.kelleybluebookimages.com/kbb/base/house/2001/2001-Toyota-Celica-FrontSide_TOCELGT001_505x375.jpg
Toyota,Celica,92_10,2002,16815,300000,https://file.kelleybluebookimages.com/kbb/base/house/2002/2002-Toyota-Celica-FrontSide_TOCELGTS026_505x375.jpg
Toyota,Avensis,92_4,2012,16770,168129,https://www.netcarshow.com/Toyota-Avensis-2012-wallpaper.jpg
Toyota,Avensis,92_4,2013,16770,168416,https://media.toyota.co.uk/wp-content/uploads/sites/5/2013/03/T_9781-1-scaled.jpg
Toyota,RAV4,92_34,2009,16705,203742,https://file.kelleybluebookimages.com/kbb/base/house/2009/2009-Toyota-RAV4-Side_TTRAV4093_505x375.jpg?interpolation=high-quality&downsize=*:200
Toyota,RAV4,92_34,2010,16705,180845,https://cars.usnews.com/pics/size/390x290/images/Auto/izmo/316668/2010_toyota_rav4_angularfront.jpg
Toyota,Urbancruiser,92_39,2013,16640,128487,https://www.conceptcarz.com/images/Toyota/toyota-urban-cruiser-2013-01.jpg
Toyota,Avensis,92_4,2010,16634,198117,https://www.conceptcarz.com/images/Toyota/Toyota-Avensis-Sedan-Image-01.jpg
Toyota,Verso,92_40,2010,16516,158355,https://www.netcarshow.com/Toyota-Verso-2010-Front_Three-Quarter.4e76d847.jpg
Toyota,Celica,92_10,2005,16462,245402,https://file.kelleybluebookimages.com/kbb/base/house/2005/2005-Toyota-Celica-FrontSide_TOCELGTS051_505x375.jpg?interpolation=high-quality&downsize=*:200
Toyota,Celica,92_10,2006,16462,207399,https://media.toyota.co.uk/wp-content/uploads/sites/5/2011/12/celica_exterior_b.jpg
Toyota,Auris,92_3,2017,16440,117572,https://content.presspage.com/uploads/1523/1920_auris-freestyle-sept2017-06.jpg?10000
Toyota,Auris,92_3,2018,16440,81480,https://img.drivemag.net/media/default/0001/77/2018-Toyota-Auris-at-Geneva-Motor-Show-0-6262.jpeg
Toyota,Celica,92_10,2003,16330,300000,https://www.edmunds.com/assets/m/toyota/celica/2003/oem/2003_toyota_celica_2dr-hatchback_gt-s_fq_oem_1_500.jpg
Toyota,Celica,92_10,2004,16330,247771,https://www.edmunds.com/assets/m/toyota/celica/2003/oem/2003_toyota_celica_2dr-hatchback_gt-s_fq_oem_1_500.jpg
Toyota,Prius,92_30,2000,16315,293556,https://media.toyota.co.uk/wp-content/uploads/sites/5/2011/12/af-e1663756298532.jpg
Toyota,Prius,92_30,2001,16315,300000,https://hips.hearstapps.com/hmg-prod/amv-prod-cad-assets/images/00q1/267322/2001-toyota-prius-photo-6054-s-original.jpg?fill=1:1&resize=1200:*
Toyota,Prius,92_30,2002,16315,300000,https://file.kelleybluebookimages.com/kbb/base/house/2002/2002-Toyota-Prius-FrontSide_TOPRI021_505x375.jpg
Toyota,Prius,92_30,2003,16315,248981,https://file.kelleybluebookimages.com/kbb/base/house/2003/2003-Toyota-Prius-FrontSide_TOPRI031_505x375.jpg
Toyota,Urbancruiser,92_39,2012,16190,185430,https://media.toyota.co.uk/wp-content/uploads/sites/5/2013/03/Urban-Cruiser-Archive.jpg
Toyota,RAV4,92_34,2005,16047,246376,https://file.kelleybluebookimages.com/kbb/base/house/2005/2005-Toyota-RAV4-FrontSide_TTRAV041_505x375.jpg?downsize=382:*
Toyota,RAV4,92_34,2006,16047,242678,https://hips.hearstapps.com/hmg-prod/amv-prod-cad-assets/images/06q1/267358/toyota-rav4-limited-4wd-v-6-road-test-car-and-driver-photo-5154-s-original.jpg?fill=1:1&resize=1200:*
Toyota,Picnic,92_27,1998,15820,300000,https://c.encycarpedia.com/ci/9512.jpg
Toyota,Picnic,92_27,1999,15815,300000,https://live.staticflickr.com/65535/49623459537_bf643fe4a3_b.jpg
Toyota,Picnic,92_27,2000,15815,300000,https://assets.adac.de/image/upload/v1/Autodatenbank/Fahrzeugbilder/im00311-1-toyota-picnic.jpg
Toyota,Picnic,92_27,2001,15815,300000,https://media.toyota.co.uk/wp-content/uploads/sites/5/2011/12/toy2601_pic1-768x483.jpg
Toyota,RAV4,92_34,2004,15810,272167,https://www.edmunds.com/assets/m/toyota/rav4/2004/oem/2004_toyota_rav4_4dr-suv_base_fq_oem_1_500.jpg
Toyota,Verso,92_40,2009,15565,172270,https://static0.topspeedimages.com/wordpress/wp-content/uploads/jpg/200903/toyota-verso-3.jpg
Toyota,Urbancruiser,92_39,2011,15363,167913,https://media.toyota.co.uk/wp-content/uploads/sites/5/2013/03/Urban-Cruiser-Archive-768x519.jpg
Toyota,Verso,92_40,2013,15090,140329,https://www.netcarshow.com/Toyota-Verso-2013-Front_Three-Quarter.cc2938b7.jpg
Toyota,Auris,92_3,2015,14890,118325,https://media.toyota.co.uk/wp-content/uploads/sites/5/2017/01/Auris-5-door-Hybrid-05-scaled-e1659016651562.jpg
Toyota,Auris,92_3,2016,14890,124469,https://content.presspage.com/uploads/1523/1920_auristsmy16.jpg?10000
Toyota,RAV4,92_34,1998,14815,300000,https://file.kelleybluebookimages.com/kbb/base/house/1998/1998-Toyota-RAV4-FrontSide_TTRAV4D981_505x375.jpg?downsize=382:*
Toyota,RAV4,92_34,1999,14815,285723,https://file.kelleybluebookimages.com/kbb/base/house/1999/1999-Toyota-RAV4-FrontSide_TTRAV991_505x375.jpg
Toyota,Verso,92_40,2012,14740,136224,https://upload.wikimedia.org/wikipedia/commons/thumb/1/1e/Toyota_Verso_20090614_front.JPG/1200px-Toyota_Verso_20090614_front.JPG
Toyota,Urbancruiser,92_39,2010,14657,185356,https://media.toyota.co.uk/wp-content/uploads/sites/5/2011/10/T_8892-768x511.jpg
Toyota,Auris,92_3,2014,14640,155773,https://upload.wikimedia.org/wikipedia/commons/8/8e/Toyota_Auris_2.0_D-4D_Executive_%28II%29_%E2%80%93_Frontansicht%2C_1._Juni_2013%2C_D%C3%BCsseldorf.jpg
Toyota,Corolla,92_11,2009,14630,243397,https://hips.hearstapps.com/hmg-prod/amv-prod-cad-assets/images/08q1/267367/2009-toyota-corolla-photo-161082-s-original.jpg?fill=1:1&resize=1200:*
Toyota,Verso,92_40,2011,14590,191788,https://upload.wikimedia.org/wikipedia/commons/thumb/1/1e/Toyota_Verso_20090614_front.JPG/1200px-Toyota_Verso_20090614_front.JPG
Toyota,Avensis,92_4,2009,14510,202068,https://s1.cdn.autoevolution.com/images/gallery/TOYOTAAvensis-4185_1.jpg
Toyota,Urbancruiser,92_39,2008,14325,249585,https://www.topgear.com/sites/default/files/news/image/2015/04/Large%20Image_5667.jpg
Toyota,Urbancruiser,92_39,2009,14325,223765,https://media.toyota.co.uk/wp-content/uploads/sites/5/2011/10/T_8892-768x511.jpg
Toyota,Avensis,92_4,2008,14280,232630,https://s1.cdn.autoevolution.com/images/gallery/TOYOTA-Avensis-1256_16.jpg
Toyota,Corolla,92_11,2008,13880,191167,https://file.kelleybluebookimages.com/kbb/base/house/2008/2008-Toyota-Corolla-FrontSide_TOCOR081_505x375.jpg
Toyota,RAV4,92_34,2000,13815,300000,https://www.edmunds.com/assets/m/toyota/rav4/2000/oem/2000_toyota_rav4_4dr-suv_l-special-edition_fq_oem_1_500.jpg
Toyota,Avensis,92_4,2005,13807,261405,https://media.toyota.co.uk/wp-content/uploads/sites/5/2011/12/32060toy.jpg
Toyota,Avensis,92_4,2006,13807,235173,https://s1.cdn.autoevolution.com/images/gallery/TOYOTA-Avensis-1256_16.jpg
Toyota,Avensis,92_4,2007,13807,289422,https://i.ytimg.com/vi/lvwbuYqgEEs/sddefault.jpg
Toyota,Auris,92_3,2011,13670,153014,https://www.netcarshow.com/Toyota-Auris_HSD-2011-wallpaper.jpg
Toyota,Auris,92_3,2010,13390,162974,https://content.presspage.com/uploads/1523/1920_aur-dpl-014-10-ext-946722.jpg?10000
Toyota,Avensis,92_4,1998,13320,300000,https://s1.cdn.autoevolution.com/images/gallery/TOYOTAAvensis-3565_1.jpg
Toyota,RAV4,92_34,2001,13315,300000,https://file.kelleybluebookimages.com/kbb/base/house/2001/2001-Toyota-RAV4-FrontSide_TTRAV011_505x375.jpg
Toyota,RAV4,92_34,2002,13315,300000,https://file.kelleybluebookimages.com/kbb/base/house/2002/2002-Toyota-RAV4-FrontSide_TTRAV021_505x375.jpg
Toyota,RAV4,92_34,2003,13315,249850,https://file.kelleybluebookimages.com/kbb/base/house/2003/2003-Toyota-RAV4-FrontSide_TTRAV031_505x375.jpg
Toyota,Yaris,92_44,2020,13315,56229,"https://hips.hearstapps.com/hmg-prod/images/2020-toyota-yaris-104-1587498075.jpg?crop=0.746xw:0.631xh;0.176xw,0.328xh&resize=2048:*"
Toyota,Yaris,92_44,2019,13120,50530,https://platform.cstatic-images.com/in/v2/stock_photos/58def619-0714-48d8-be4f-a6978ce47866/e17fce8c-264f-4cc1-94d6-a998fdf729a4.png
Toyota,Auris,92_3,2013,12819,149705,https://www.netcarshow.com/Toyota-Auris-2013-Front_Three-Quarter.59c296d4.jpg
Toyota,Avensis,92_4,2001,12815,300000,https://media.toyota.co.uk/wp-content/uploads/sites/5/2011/12/T698.jpg
Toyota,Avensis,92_4,2002,12815,286467,https://s1.cdn.autoevolution.com/images/gallery/TOYOTAAvensis-3566_1.jpg
Toyota,Avensis,92_4,2003,12815,300000,https://www.netcarshow.com/Toyota-Avensis_Sedan-2003-wallpaper.jpg
Toyota,Avensis,92_4,2004,12815,248837,https://c.encycarpedia.com/ci/9214.jpg
Toyota,Auris,92_3,2012,12670,136868,https://car-images.bauersecure.com/wp-images/9328/auris01.jpg
Toyota,Avensis,92_4,1999,12335,300000,https://s1.cdn.autoevolution.com/images/gallery/TOYOTAAvensis-3565_1.jpg
Toyota,Avensis,92_4,2000,12335,300000,https://s1.cdn.autoevolution.com/images/gallery/TOYOTAAvensis-3566_1.jpg
Toyota,Auris,92_3,2009,12260,194726,https://www.topgear.com/sites/default/files/news/image/2015/04/Large%20Image_7199.jpg
Toyota,Auris,92_3,2008,12105,259971,https://static0.topspeedimages.com/wordpress/wp-content/uploads/jpg/200712/2008-toyota-auris-sr180-1.jpg
Toyota,Yaris,92_44,2017,11915,111752,https://cars.usnews.com/static/images/Auto/izmo/i2446334/2017_toyota_yaris_angularfront.jpg
Toyota,Yaris,92_44,2018,11915,72774,"https://hips.hearstapps.com/hmg-prod/images/2018-toyota-yaris-01-placement-1525293799.jpg?crop=0.761xw:0.709xh;0.122xw,0.131xh&resize=2048:*"
Toyota,Auris,92_3,2007,11832,208899,https://media.toyota.co.uk/wp-content/uploads/sites/5/2011/12/T_4539-e1652952422295.jpg
Toyota,Yaris,92_44,2016,11440,117508,https://media.ed.edmunds-media.com/toyota/yaris/2016/oem/2016_toyota_yaris_2dr-hatchback_l_fq_oem_1_1600.jpg
Toyota,Corolla,92_11,2007,11132,213683,https://media.ed.edmunds-media.com/toyota/corolla/2007/oem/2007_toyota_corolla_sedan_le_fq_oem_2_1600.jpg
Toyota,iQ,92_20,2015,11045,121777,https://images.hgmsites.net/lrg/2015-scion-iq-3dr-hb-natl-angular-front-exterior-view_100488761_l.jpg
Toyota,iQ,92_20,2013,10940,176825,https://media.ed.edmunds-media.com/scion/iq/2013/oem/2013_scion_iq_2dr-hatchback_base_fq_oem_1_1600.jpg
Toyota,iQ,92_20,2014,10940,156221,https://i.ytimg.com/vi/SLdCJf7tk_c/hq720.jpg?sqp=-oaymwEhCK4FEIIDSFryq4qpAxMIARUAAAAAGAElAADIQj0AgKJD&rs=AOn4CLA2JHnYuiijmZVKrc_rxFggikscKg
Toyota,Yaris,92_44,2015,10940,97065,https://www.edmunds.com/assets/m/toyota/yaris/2015/oem/2015_toyota_yaris_2dr-hatchback_l_fq_oem_1_600.jpg
Toyota,Yaris,92_44,2014,10840,160329,https://images.hgmsites.net/lrg/2014-toyota-yaris-3dr-liftback-auto-le-tmc-cbu-plant-gs-angular-front-exterior-view_100438134_l.jpg
Toyota,Corolla,92_11,2005,10832,220045,https://file.kelleybluebookimages.com/kbb/base/house/2005/2005-Toyota-Corolla-FrontSide_TOCORLE051_505x375.jpg?downsize=382:*
Toyota,Corolla,92_11,2006,10832,258922,https://www.edmunds.com/assets/m/toyota/corolla/2006/oem/2006_toyota_corolla_sedan_le_fq_oem_1_500.jpg
Toyota,Corolla,92_11,2003,10650,237057,https://hips.hearstapps.com/hmg-prod/amv-prod-cad-assets/images/02q1/267340/2003-toyota-corolla-road-test-review-car-and-driver-photo-9925-s-original.jpg?fill=1:1&resize=1200:*
Toyota,Corolla,92_11,2004,10650,277305,https://www.edmunds.com/assets/m/toyota/corolla/2003/oem/2003_toyota_corolla_sedan_le_fq_oem_1_500.jpg
Toyota,Yaris,92_44,2013,10640,129817,https://img2.carmax.com/assets/mmy-toyota-yaris-2013/image/1.jpg?width=800&height=600
Toyota,iQ,92_20,2012,10600,189154,https://images.hgmsites.net/hug/2012-scion-iq_100356740_h.jpg
Toyota,Yaris,92_44,2012,10580,163844,https://img2.carmax.com/assets/mmy-toyota-yaris-2012/image/1.jpg?width=800&height=450
Toyota,Yaris,92_44,2011,10453,161716,https://file.kelleybluebookimages.com/kbb/base/house/2011/2011-Toyota-Yaris-FrontSide_TOYAR111_640x480.jpg
Toyota,Yaris,92_44,2010,10166,192745,https://images.hgmsites.net/lrg/2010-toyota-yaris-5dr-hb-auto-natl-angular-front-exterior-view_100235280_l.jpg
Toyota,iQ,92_20,2011,10103,163481,https://i.ytimg.com/vi/LiRudDEgYyw/sddefault.jpg
Toyota,iQ,92_20,2010,9919,204336,https://hips.hearstapps.com/hmg-prod/amv-prod-cad-assets/images/08q4/267373/2010-toyota-iq-photo-241066-s-original.jpg
Toyota,Corolla,92_11,1998,9820,300000,https://www.iihs.org/cdn-cgi/image/width=636/api/ratings/model-year-images/1644/
Toyota,Corolla,92_11,1999,9815,300000,https://file.kelleybluebookimages.com/kbb/base/house/1999/1999-Toyota-Corolla-FrontSide_TOCOR991_505x369.jpg
Toyota,Corolla,92_11,2000,9815,300000,"https://crdms.images.consumerreports.org/c_lfill,w_563,q_auto,f_auto/prod/cars/cr/model-years/1623-2000-toyota-corolla"
Toyota,iQ,92_20,2009,9240,170317,https://www.motortrend.com/uploads/sites/5/2008/09/112_0809_07z-2009_toyota_iQ-side_view.jpg?w=768&width=768&q=75&format=webp
Toyota,AYGO,92_6,2017,9080,107542,https://media.toyota.co.uk/wp-content/uploads/sites/5/2016/12/Aygo-xstyle-3-scaled.jpg
Toyota,AYGO,92_6,2018,9080,86345,"https://img-ik.cars.co.za/news-site-za/images/2018/10/Toyota-Aygo-5.jpg?tr=w-1200,h-800"
Toyota,Corolla,92_11,2001,8815,277133,https://www.edmunds.com/assets/m/toyota/corolla/2001/oem/2001_toyota_corolla_sedan_le_fq_oem_1_500.jpg
Toyota,Corolla,92_11,2002,8815,300000,"https://crdms.images.consumerreports.org/c_lfill,w_563,q_auto,f_auto/prod/cars/chrome-historical/white/CAB20TOC041A1101"
Toyota,AYGO,92_6,2016,8790,89897,https://media.toyota.co.uk/wp-content/uploads/sites/5/2016/02/2016-Aygo-x-clusiv-1.png
Toyota,Yaris,92_44,2008,8760,228452,https://hips.hearstapps.com/hmg-prod/amv-prod-cad-assets/images/media/267369/2008-toyota-yaris-photo-198079-s-original.jpg?fill=1:1&resize=1200:*
Toyota,AYGO,92_6,2015,8540,112005,https://www.netcarshow.com/Toyota-Aygo-2015-wallpaper.jpg
Toyota,Yaris,92_44,2009,8495,206764,https://hips.hearstapps.com/hmg-prod/amv-prod-cad-assets/images/08q3/267371/2009-toyota-yaris-review-car-and-driver-photo-225692-s-original.jpg?fill=1:1&resize=1200:*
Toyota,AYGO,92_6,2013,8480,166580,https://www.netcarshow.com/Toyota-Aygo-2013-Front_Three-Quarter.548e5b89.jpg
Toyota,AYGO,92_6,2014,8480,144376,https://content.presspage.com/uploads/1523/1920_2014-aygo-dpl-stat-02.jpg?10000
Toyota,AYGO,92_6,2012,8440,175457,https://upload.wikimedia.org/wikipedia/commons/c/c8/Toyota_Aygo_%28Facelift%29_%E2%80%93_Frontansicht%2C_20._Juni_2012%2C_Wuppertal.jpg
Toyota,AYGO,92_6,2011,8254,192946,https://i.ytimg.com/vi/kWIgccZZf8g/maxresdefault.jpg
Toyota,AYGO,92_6,2010,8165,166978,https://static0.topspeedimages.com/wordpress/wp-content/uploads/jpg/201003/2010-toyota-aygo-black.jpg
Toyota,Yaris,92_44,2006,7857,239692,https://www.netcarshow.com/Toyota-Yaris-2006-wallpaper.jpg
Toyota,Starlet,92_36,2000,7845,300000,https://lookaside.fbsbx.com/lookaside/crawler/instagram/CzqyoFut4iN/0/image.jpg
Toyota,Yaris,92_44,2007,7830,291336,https://www.thedrive.com/wp-content/uploads/2022/11/22/2007_10_08_yaris_liftback01.jpg?quality=85
Toyota,Starlet,92_36,1998,7820,295211,https://media.drive.com.au/obj/tx_rs:auto:4032:3024:1/caradvice/private/bys3h8jc31ae4lz9zq7z
Toyota,Starlet,92_36,1999,7820,300000,https://vehicle-images.howsafeisyourcar.com.au/hsiyc/car/spec/TOYO0398.jpg
Toyota,Yaris,92_44,2000,7320,252985,https://c.encycarpedia.com/ci/9588.jpg
Toyota,Yaris,92_44,1999,7315,300000,https://c.encycarpedia.com/ci/9587.jpg
Toyota,Yaris,92_44,2005,7152,298930,https://content.presspage.com/uploads/1523/1920_yar-ex-078-461795.jpg?10000
Toyota,AYGO,92_6,2009,6930,148214,https://c.encycarpedia.com/ci/9239.jpg
Toyota,Yaris,92_44,2001,6870,300000,https://media.toyota.co.uk/wp-content/uploads/sites/5/2001/04/28452toy-768x543.jpg
Toyota,Yaris,92_44,2002,6870,300000,https://c.encycarpedia.com/ci/9589.jpg
Toyota,Yaris,92_44,2003,6865,300000,https://s1.cdn.autoevolution.com/images/gallery/TOYOTAYaris-5doors--2157_2.jpg
Toyota,AYGO,92_6,2008,6860,164132,https://media.toyota.co.uk/wp-content/uploads/sites/5/2011/11/54329toy.jpg
Toyota,Yaris,92_44,2004,6852,266003,https://i.ytimg.com/vi/ZB0pRKZnwlc/sddefault.jpg
Toyota,AYGO,92_6,2007,6652,196156,https://static0.topspeedimages.com/wordpress/wp-content/uploads/jpg/200705/2007-toyota-aygo-24.jpg
Toyota,AYGO,92_6,2005,6632,278224,https://media.toyota.co.uk/wp-content/uploads/sites/5/2011/12/ba2-e1659612403762.jpg
Toyota,AYGO,92_6,2006,6632,208515,https://www.topgear.com/sites/default/files/news/image/2015/04/Large%20Image_6441.jpg
